City_ID,City,Country,Lat,Lng,Max Temp,Humidity,Cloudiness,Wind Speed,Description
0,Bouna,CI,9.2667,-3.0,72.82,89,81,0.98,light rain
1,Khatanga,RU,71.9667,102.5,61.92,40,100,10.78,overcast clouds
2,Ushuaia,AR,-54.8,-68.3,42.46,93,40,11.5,scattered clouds
3,Salalah,OM,17.0151,54.0924,86.09,84,75,5.75,broken clouds
4,Sorong,ID,-0.8833,131.25,77.85,88,100,7.65,overcast clouds
5,Bluff,NZ,-46.6,168.3333,43.81,80,98,34.02,moderate rain
6,Carnarvon,AU,-24.8667,113.6333,64.47,71,19,14.54,few clouds
7,Port Hardy,CA,50.6996,-127.4199,55.58,67,75,10.36,broken clouds
8,Grindavik,IS,63.8424,-22.4338,49.95,93,100,12.66,moderate rain
9,Vestmannaeyjar,IS,63.4427,-20.2734,46.81,90,100,10.11,light rain
10,Lavrentiya,RU,65.5833,-171.0,40.55,61,99,3.09,overcast clouds
11,Husavik,IS,66.0449,-17.3389,43.18,92,100,4.54,overcast clouds
12,Svetlyy,RU,54.675,20.1347,55.45,86,100,6.91,overcast clouds
13,Souillac,MU,-20.5167,57.5167,71.98,88,75,12.66,light rain
14,Margate,GB,51.3813,1.3862,61.7,62,90,5.01,overcast clouds
15,Puerto Ayora,EC,-0.7393,-90.3518,78.76,92,51,7.0,broken clouds
16,Kapaa,US,22.0752,-159.319,84.18,75,20,16.11,few clouds
17,Katsuura,JP,35.1333,140.3,68.45,70,100,6.58,overcast clouds
18,Punta Arenas,CL,-53.15,-70.9167,48.31,81,75,5.75,broken clouds
19,Tasiilaq,GL,65.6145,-37.6368,37.56,99,100,5.26,light rain
20,Nipawin,CA,53.3668,-104.0009,78.84,31,75,5.75,broken clouds
21,Sao Filipe,CV,14.8961,-24.4956,73.54,84,8,1.32,clear sky
22,Isla Mujeres,MX,21.2311,-86.731,86.16,76,4,10.45,clear sky
23,Boguchany,RU,58.3814,97.4531,62.82,92,89,3.42,overcast clouds
24,Fairbanks,US,64.8378,-147.7164,67.01,50,20,1.01,smoke
25,Yellowknife,CA,62.456,-114.3525,66.72,52,75,11.5,broken clouds
26,Catamarca,AR,-28.4696,-65.7852,62.58,55,0,12.5,clear sky
27,Vaini,TO,-21.2,-175.2,80.76,89,40,9.22,scattered clouds
28,Victoria,HK,22.2855,114.1577,84.18,87,100,11.99,overcast clouds
29,Ribeira Grande,PT,38.5167,-28.7,62.85,76,14,23.76,few clouds
30,Soyo,AO,-6.1349,12.3689,73.58,91,61,5.35,broken clouds
31,Beloha,MG,-25.1667,45.05,60.94,74,0,7.85,clear sky
32,Albany,US,42.6001,-73.9662,69.46,76,96,1.99,overcast clouds
33,Ballina,AU,-28.8667,153.5667,54.01,70,98,7.9,overcast clouds
34,Geraldton,AU,-28.7667,114.6,61.21,72,100,9.22,overcast clouds
35,Nuuk,GL,64.1835,-51.7216,31.87,73,100,13.0,overcast clouds
36,Rikitea,PF,-23.1203,-134.9692,73.22,71,40,9.98,light rain
37,Hithadhoo,MV,-0.6,73.0833,83.62,73,100,9.04,overcast clouds
38,Dikson,RU,73.5069,80.5464,29.7,95,100,16.89,overcast clouds
39,Port Lincoln,AU,-34.7333,135.8667,52.65,79,99,10.89,overcast clouds
40,Bathsheba,BB,13.2167,-59.5167,83.01,78,20,19.57,few clouds
41,Barrow,US,71.2906,-156.7887,30.22,80,100,4.61,haze
42,Den Helder,NL,52.9599,4.7593,59.02,88,100,8.05,overcast clouds
43,Busselton,AU,-33.65,115.3333,59.5,73,100,22.03,overcast clouds
44,Atar,MR,20.5169,-13.0499,97.61,8,10,5.84,clear sky
45,Labytnangi,RU,66.6572,66.4183,46.53,66,100,11.54,overcast clouds
46,Coihaique,CL,-45.5752,-72.0662,39.81,93,75,0.0,broken clouds
47,Codrington,AU,-38.2667,141.9667,53.65,82,99,4.23,overcast clouds
48,Ewo,CG,-0.8725,14.8206,80.94,54,98,5.32,overcast clouds
49,Syasstroy,RU,60.1367,32.5691,52.84,93,99,5.48,overcast clouds
50,Srednekolymsk,RU,67.45,153.6833,64.58,31,11,4.47,few clouds
51,Chokurdakh,RU,70.6333,147.9167,60.48,24,8,13.15,clear sky
52,Hastings,GB,50.8552,0.5729,58.78,84,12,10.8,few clouds
53,Basirhat,IN,22.6685,88.8697,85.98,83,85,12.37,overcast clouds
54,Olafsvik,IS,64.8945,-23.7142,47.26,83,100,6.17,light rain
55,Cape Town,ZA,-33.9258,18.4232,61.21,85,75,23.02,broken clouds
56,Diplo,PK,24.4667,69.584,83.55,70,6,7.78,clear sky
57,Kudahuvadhoo,MV,2.6708,72.8944,83.41,71,100,8.3,overcast clouds
58,Chuy,UY,-33.6971,-53.4616,47.86,91,2,6.51,clear sky
59,Ketchikan,US,55.3422,-131.6461,55.87,71,100,13.8,overcast clouds
60,College,US,64.8569,-147.8028,66.99,50,100,1.01,smoke
61,Te Anau,NZ,-45.4167,167.7167,36.0,99,98,1.86,light rain
62,Polunochnoye,RU,60.8697,60.4153,51.73,78,81,7.0,broken clouds
63,Koshurnikovo,RU,54.1667,93.3,58.39,93,98,1.21,overcast clouds
64,Mataura,NZ,-46.1927,168.8643,43.48,96,80,13.31,light rain
65,Xuddur,SO,4.1213,43.8894,72.5,77,97,15.52,overcast clouds
66,Kihei,US,20.785,-156.4656,84.22,76,40,27.63,scattered clouds
67,Saint-Augustin,CA,51.226,-58.6502,58.3,64,85,6.22,overcast clouds
68,Jamestown,US,42.097,-79.2353,73.06,43,97,1.01,overcast clouds
69,Saskylakh,RU,71.9167,114.0833,63.82,41,8,7.87,clear sky
70,Hami,CN,42.8,93.45,79.57,11,0,8.19,clear sky
71,Hilo,US,19.7297,-155.09,93.27,78,100,6.91,overcast clouds
72,Lorengau,PG,-2.0226,147.2712,82.81,76,77,10.49,broken clouds
73,Ilulissat,GL,69.2167,-51.1,35.62,75,100,12.66,overcast clouds
74,Port Blair,IN,11.6667,92.75,81.41,80,100,9.01,overcast clouds
75,Mar Del Plata,AR,-38.0023,-57.5575,54.09,71,0,3.44,clear sky
76,Changli,CN,39.7042,119.1506,66.13,88,74,5.06,broken clouds
77,Mlonggo,ID,-6.5333,110.7,78.01,85,100,3.22,heavy intensity rain
78,Rorvik,NO,64.8621,11.2373,51.91,82,40,11.5,scattered clouds
79,Avarua,CK,-21.2078,-159.775,82.45,65,75,11.5,broken clouds
80,Vila Velha,BR,-20.3297,-40.2925,71.55,92,100,15.01,overcast clouds
81,Timizart,DZ,36.8,4.2667,69.04,38,11,6.02,few clouds
82,Upernavik,GL,72.7868,-56.1549,30.49,75,91,8.72,overcast clouds
83,Fortuna,US,40.5982,-124.1573,61.14,88,100,13.8,overcast clouds
84,Georgetown,MY,5.4112,100.3354,76.95,99,20,2.3,few clouds
85,Tarko-Sale,RU,64.9225,77.785,60.62,79,83,5.28,broken clouds
86,Talnakh,RU,69.4865,88.3972,60.21,45,99,4.18,overcast clouds
87,Guerrero Negro,MX,27.9769,-114.0611,73.99,59,14,17.36,few clouds
88,Port Alfred,ZA,-33.5906,26.891,78.19,26,100,8.99,overcast clouds
89,Batsfjord,NO,70.6345,29.7185,44.53,70,40,16.11,scattered clouds
90,Ankang,CN,32.68,109.0172,68.45,86,88,0.94,overcast clouds
91,Esperance,AU,-33.8667,121.9,53.44,65,13,29.82,few clouds
92,Bethel,US,41.3712,-73.414,71.02,86,98,6.96,overcast clouds
93,Borzya,RU,50.3833,116.5167,57.09,84,99,7.94,overcast clouds
94,Corinto,GR,37.9407,22.9573,74.41,66,27,3.15,scattered clouds
95,Tuktoyaktuk,CA,69.4541,-133.0374,33.8,93,100,9.22,overcast clouds
96,Iquitos,PE,-3.7481,-73.2472,78.84,69,75,4.61,broken clouds
97,Barabai,ID,-2.5833,115.3833,73.78,96,100,1.25,overcast clouds
98,Qui Nhon,VN,13.7667,109.2333,80.37,78,67,3.2,broken clouds
99,Saint-Philippe,RE,-21.3585,55.7679,69.39,88,82,13.62,light rain
100,Juba,SS,4.8517,31.5825,72.59,69,31,4.0,scattered clouds
101,Hambantota,LK,6.1241,81.1185,80.38,78,90,15.82,overcast clouds
102,Khor,RU,47.8861,134.9464,64.24,65,47,5.37,scattered clouds
103,Zeya,RU,53.75,127.2667,63.39,85,100,3.78,light rain
104,Buraydah,SA,26.326,43.975,90.05,11,0,8.84,clear sky
105,Rundu,NA,-17.9333,19.7667,52.5,58,0,5.41,clear sky
106,Zhezkazgan,KZ,47.8043,67.7144,69.89,40,53,7.67,broken clouds
107,Kavieng,PG,-2.5744,150.7967,82.0,78,80,13.96,moderate rain
108,Hadejia,NG,12.4498,10.0444,86.5,46,22,10.45,few clouds
109,Uyuni,BO,-20.4597,-66.825,36.28,16,0,6.82,clear sky
110,Lindi,TZ,-10.0,39.7167,65.61,93,3,5.3,clear sky
111,Leicester,GB,52.6386,-1.1317,57.52,73,75,10.11,broken clouds
112,Prince Albert,CA,53.2001,-105.7677,75.15,38,100,3.44,overcast clouds
113,Cherskiy,RU,68.75,161.3,66.83,30,29,2.89,scattered clouds
114,Mahebourg,MU,-20.4081,57.7,71.89,88,75,12.66,broken clouds
115,Bagdarin,RU,54.4333,113.6,59.86,43,23,0.65,few clouds
116,Agadez,NE,19.75,10.25,92.77,11,0,11.52,clear sky
117,Orbetello,IT,42.4408,11.2196,71.62,51,0,4.32,clear sky
118,Sao Jose Da Coroa Grande,BR,-8.8978,-35.1478,76.64,84,7,5.57,clear sky
119,Bandundu,CD,-3.3167,17.3667,76.55,48,49,3.33,scattered clouds
120,Ukiah,US,39.1502,-123.2078,71.44,65,20,9.22,few clouds
121,Acajutla,SV,13.5928,-89.8275,82.26,74,60,3.56,broken clouds
122,Namibe,AO,-15.1961,12.1522,67.78,64,0,7.18,clear sky
123,Warri,NG,5.5167,5.75,75.83,93,100,4.83,overcast clouds
124,Cockburn Town,TC,21.4612,-71.1419,80.82,85,11,22.12,few clouds
125,Egvekinot,RU,66.3167,-179.1667,43.86,42,100,1.05,overcast clouds
126,Le Creusot,FR,46.8071,4.4163,65.66,98,75,3.42,broken clouds
127,Lyuban,BY,52.7985,28.0048,56.97,95,17,7.56,few clouds
128,Manokwari,ID,-0.8667,134.0833,81.64,72,60,5.95,broken clouds
129,Salta,AR,-24.7859,-65.4117,54.19,74,0,8.05,clear sky
130,Konin,PL,52.2234,18.2512,60.71,89,96,4.45,overcast clouds
131,Asahikawa,JP,43.7678,142.3703,51.01,93,75,3.44,broken clouds
132,Hecun,CN,36.5333,114.1111,77.72,43,0,6.96,clear sky
133,Sao Joao Da Barra,BR,-21.6403,-41.0511,68.18,80,95,16.06,overcast clouds
134,Butaritari,KI,3.0707,172.7902,82.24,69,15,13.47,few clouds
135,Lucapa,AO,-8.4192,20.7447,66.15,47,7,3.51,clear sky
136,Kieta,PG,-6.2167,155.6333,83.84,70,25,5.57,light rain
137,Tura,IN,25.5198,90.2201,73.45,98,94,7.25,heavy intensity rain
138,Kaitangata,NZ,-46.2817,169.8464,41.27,95,62,15.52,broken clouds
139,Bredasdorp,ZA,-34.5322,20.0403,62.64,53,100,12.19,overcast clouds
140,Lander,US,42.833,-108.7307,92.21,16,0,10.36,clear sky
141,Atuona,PF,-9.8,-139.0333,77.9,67,73,16.42,broken clouds
142,Creel,MX,27.75,-107.6333,74.44,35,75,16.42,broken clouds
143,Meulaboh,ID,4.1363,96.1285,75.78,82,100,4.45,overcast clouds
144,Khvatovka,RU,52.3524,46.5628,49.23,86,2,2.95,clear sky
145,Garoua,CM,9.3,13.4,77.47,75,97,4.36,overcast clouds
146,Tabou,CI,4.423,-7.3528,77.49,80,94,8.75,overcast clouds
147,Cayenne,GF,4.9333,-52.3333,82.09,1,0,2.3,clear sky
148,Pisco,PE,-13.7,-76.2167,62.65,82,75,8.05,mist
149,Dubovyy Umet,RU,52.9763,50.2857,46.74,93,11,4.88,few clouds
150,Baykit,RU,61.67,96.37,59.95,66,91,1.41,overcast clouds
151,Ponta Do Sol,PT,32.6667,-17.1,70.72,82,5,1.01,clear sky
152,Campbell River,CA,50.0163,-125.2446,68.59,45,75,11.5,broken clouds
153,Provideniya,RU,64.3833,-173.3,40.32,63,92,1.83,overcast clouds
154,Asau,RO,46.4333,26.4,63.52,93,61,5.57,broken clouds
155,Komsomolskiy,UZ,40.4272,71.7189,70.52,52,42,4.61,scattered clouds
156,Dunedin,NZ,-45.8742,170.5036,47.8,54,36,13.0,scattered clouds
157,Hermanus,ZA,-34.4187,19.2345,65.8,76,100,20.13,light rain
158,Kaka,TM,37.3482,59.6143,76.14,44,0,3.67,clear sky
159,Visnes,NO,59.3556,5.2242,51.85,82,75,14.97,broken clouds
160,Tual,ID,-5.6667,132.75,83.12,74,100,11.1,light rain
161,Thompson,CA,55.7435,-97.8558,75.36,31,75,6.91,broken clouds
162,Mangrol,IN,21.1167,70.1167,81.97,79,52,5.35,broken clouds
163,Maarianhamina,AX,60.0973,19.9348,57.06,82,0,5.75,clear sky
164,Lasa,IT,46.6166,10.7002,65.28,61,1,2.91,clear sky
165,Santiago De Chuco,PE,-8.15,-78.1833,52.5,69,69,2.1,broken clouds
166,Minsk,BY,53.9,27.5667,58.75,93,35,8.12,scattered clouds
167,Carutapera,BR,-1.195,-46.02,75.96,86,63,5.86,broken clouds
168,San Lawrenz,MT,36.0553,14.204,71.01,85,0,3.0,clear sky
169,Hobart,AU,-42.8794,147.3294,45.05,82,66,5.64,broken clouds
170,Misratah,LY,32.3754,15.0925,72.18,80,0,12.62,clear sky
171,Villa Bruzual,VE,9.3328,-69.1208,71.65,98,100,3.36,overcast clouds
172,Ixtapa,MX,20.7,-105.2,87.22,70,20,11.5,few clouds
173,George Town,MY,5.4112,100.3354,76.95,99,20,2.3,few clouds
174,Clyde River,CA,70.4692,-68.5914,37.63,65,100,8.05,overcast clouds
175,Rapina,EE,58.0981,27.4636,56.52,78,98,5.41,overcast clouds
176,Praia Da Vitoria,PT,38.7333,-27.0667,62.76,94,40,22.01,scattered clouds
177,Korla,CN,41.7597,86.1469,80.31,14,8,8.86,clear sky
178,Demirci,TR,39.0461,28.6589,56.7,93,66,4.7,broken clouds
179,Graham,US,47.0529,-122.2943,56.7,82,100,6.91,overcast clouds
180,Kodiak,US,57.79,-152.4072,62.11,59,0,5.75,smoke
181,Cassilandia,BR,-19.1133,-51.7342,56.14,34,99,3.62,overcast clouds
182,Swift Current,CA,50.2834,-107.8014,74.21,38,20,3.44,few clouds
183,Tomatlan,MX,19.9333,-105.25,90.21,51,12,10.98,few clouds
184,Lebu,CL,-37.6167,-73.65,48.78,90,100,9.08,overcast clouds
185,Kisiwani,TZ,-4.1333,37.95,64.71,89,80,2.64,broken clouds
186,Birao,CF,10.2849,22.7882,74.52,81,100,4.88,overcast clouds
187,Shepsi,RU,44.0361,39.1489,71.65,79,100,6.44,overcast clouds
188,Airai,TL,-8.9266,125.4092,58.12,79,94,3.09,overcast clouds
189,Tiksi,RU,71.6872,128.8694,43.05,72,41,4.52,scattered clouds
190,Iqaluit,CA,63.7506,-68.5145,42.53,65,100,17.27,overcast clouds
191,Mont-De-Marsan,FR,44.0,-0.6667,67.82,83,78,5.75,broken clouds
192,Kushima,JP,31.4583,131.2333,69.67,92,100,7.85,overcast clouds
193,Kholmogory,RU,64.2229,41.656,55.85,65,100,6.89,light rain
194,Arraial Do Cabo,BR,-22.9661,-42.0278,67.86,68,75,13.8,broken clouds
195,Abha,SA,18.2164,42.5053,69.62,46,0,0.0,clear sky
196,Mataram,ID,-8.5833,116.1167,74.21,86,97,5.77,overcast clouds
197,Estelle,US,29.8458,-90.1067,90.0,68,75,8.05,broken clouds
198,Pevek,RU,69.7008,170.3133,38.28,66,68,7.23,broken clouds
199,East London,ZA,-33.0153,27.9116,75.9,29,100,11.59,overcast clouds
200,Mambolo,SL,8.9231,-13.0444,80.89,91,100,4.12,moderate rain
201,Mount Gambier,AU,-37.8333,140.7667,52.27,76,96,1.3,overcast clouds
202,Castro,BR,-24.7911,-50.0119,40.28,69,0,2.82,clear sky
203,Naze,JP,28.3667,129.4833,70.72,91,100,22.06,light rain
204,Klaksvik,FO,62.2266,-6.589,49.12,96,95,14.99,overcast clouds
205,Skjervoy,NO,70.0311,20.9714,44.6,80,96,5.95,overcast clouds
206,Karratha,AU,-20.7377,116.8463,72.36,62,41,9.26,scattered clouds
207,Russell,US,32.3502,-85.1999,92.8,52,0,5.75,clear sky
208,Port Elizabeth,ZA,-33.918,25.5701,71.1,33,0,8.05,clear sky
209,Brigantine,US,39.4101,-74.3646,76.03,82,0,8.05,clear sky
210,Sinor,IN,21.9167,73.3333,82.78,74,74,7.72,broken clouds
211,Latung,PH,5.5,120.8833,83.14,70,100,1.61,overcast clouds
212,Kavaratti,IN,10.5669,72.642,82.92,71,100,20.02,moderate rain
213,Amet,IN,25.3,73.9333,81.25,63,77,5.21,broken clouds
214,Ancud,CL,-41.8697,-73.8203,50.23,84,100,12.26,light rain
215,Kamenka,RU,51.3223,42.7678,55.98,73,1,8.19,clear sky
216,Kalmar,SE,56.6616,16.3616,56.97,91,3,3.0,clear sky
217,Dakar,SN,14.6937,-17.4441,82.53,65,75,4.61,broken clouds
218,Rognan,NO,67.0953,15.3878,52.05,87,100,0.22,light rain
219,Cidreira,BR,-30.1811,-50.2056,53.15,65,96,15.95,overcast clouds
220,Visby,SE,57.6409,18.296,56.82,93,63,6.91,broken clouds
221,Cabo San Lucas,MX,22.8909,-109.9124,92.5,35,20,17.27,few clouds
222,San Policarpo,PH,12.1791,125.5072,82.29,78,84,5.53,broken clouds
223,Smithfield,US,41.922,-71.5495,72.55,78,100,4.61,overcast clouds
224,Hunchun,CN,42.8675,130.3581,57.16,96,100,3.94,overcast clouds
225,Biltine,TD,14.5333,20.9167,82.89,46,100,21.23,overcast clouds
226,Chapais,CA,49.7834,-74.8492,56.98,95,98,7.25,overcast clouds
227,San Patricio,US,28.017,-97.5169,100.54,48,51,20.36,broken clouds
228,Ughelli,NG,5.4899,6.0074,74.8,96,100,4.79,overcast clouds
229,Kemijarvi,FI,66.7131,27.4306,52.05,87,100,3.44,overcast clouds
230,Maputo,MZ,-25.9653,32.5892,63.23,73,0,8.05,clear sky
231,Sarkikaraagac,TR,38.0794,31.3664,56.84,82,60,3.2,broken clouds
232,Longyearbyen,SJ,78.2186,15.6401,39.04,87,100,2.3,overcast clouds
233,Maldonado,UY,-34.6667,-54.9167,47.59,91,2,3.44,clear sky
234,Vardo,NO,70.3705,31.1107,44.58,70,20,8.05,few clouds
235,Torbay,CA,47.6666,-52.7314,69.76,60,20,18.41,few clouds
236,Phan Thiet,VN,10.9333,108.1,77.83,87,74,3.18,broken clouds
237,Faanui,PF,-16.4833,-151.75,79.79,75,39,23.49,light rain
238,Belaya Gora,RU,68.5333,146.4167,68.7,32,7,9.75,clear sky
239,Tateyama,JP,34.9833,139.8667,72.1,71,100,12.57,overcast clouds
240,Nelson Bay,AU,-32.7167,152.15,52.0,77,4,3.0,clear sky
241,Lagoa,PT,39.05,-27.9833,61.79,79,17,24.63,few clouds
242,Saldanha,ZA,-33.0117,17.9442,57.25,91,100,16.4,light rain
243,Nanortalik,GL,60.1432,-45.2371,38.12,95,100,12.15,overcast clouds
244,Aksay,RU,47.26,39.87,72.25,59,1,11.99,clear sky
245,Yerbogachen,RU,61.2767,108.0108,56.73,58,100,3.74,overcast clouds
246,Ambanja,MG,-13.6833,48.45,68.83,76,7,4.16,clear sky
247,Diffa,NE,13.3154,12.6113,91.15,36,48,12.28,scattered clouds
248,Kpandae,GH,8.4689,-0.0113,74.91,78,41,5.37,scattered clouds
249,New Norfolk,AU,-42.7826,147.0587,44.71,86,61,1.01,broken clouds
250,Norman Wells,CA,65.282,-126.8329,41.04,93,100,13.8,light intensity shower rain
251,Raudeberg,NO,61.9875,5.1352,50.67,93,100,20.87,overcast clouds
252,Sechura,PE,-5.5569,-80.8222,69.08,66,26,17.94,scattered clouds
253,Biak,ID,-0.9131,122.8766,76.89,84,88,2.75,overcast clouds
254,Valparaiso,CL,-33.0393,-71.6273,53.47,87,75,3.44,mist
255,Severo-Kurilsk,RU,50.6789,156.125,45.3,86,39,9.1,scattered clouds
256,Turayf,SA,31.6725,38.6637,75.45,53,0,11.5,clear sky
257,Vicuna,CL,-30.0319,-70.7081,44.33,27,0,1.34,clear sky
258,Hohhot,CN,40.8106,111.6522,61.09,55,0,11.18,clear sky
259,Cururupu,BR,-1.8283,-44.8683,74.44,93,76,3.15,broken clouds
260,Beian,NO,63.6559,9.5683,53.01,87,75,3.44,broken clouds
261,Camacha,PT,33.0833,-16.3333,63.82,77,40,6.91,scattered clouds
262,Paamiut,GL,61.994,-49.6678,35.74,79,83,24.47,broken clouds
263,Guiglo,CI,6.5456,-7.4966,71.26,99,91,2.62,overcast clouds
264,Plettenberg Bay,ZA,-34.0527,23.3716,66.22,51,100,0.94,overcast clouds
265,Ust-Kan,RU,50.9276,84.761,56.35,96,87,4.92,light rain
266,Umm Lajj,SA,25.0213,37.2685,83.14,70,0,4.5,clear sky
267,Onguday,RU,50.75,86.15,58.5,87,91,2.3,overcast clouds
268,Calarasi,MD,47.2544,28.3081,68.32,93,5,8.72,clear sky
269,Gumdag,TM,39.2061,54.5906,79.5,30,1,7.16,clear sky
270,Saryozek,KZ,44.3583,77.9753,64.02,74,100,2.13,light rain
271,Marawi,PH,7.9986,124.2928,72.37,88,84,1.39,broken clouds
272,Pangnirtung,CA,66.1451,-65.7125,32.76,92,97,1.74,overcast clouds
273,Acapulco,MX,16.8634,-99.8901,84.65,68,37,9.24,scattered clouds
274,Kruisfontein,ZA,-34.0033,24.7314,67.89,35,100,5.84,overcast clouds
275,Pochutla,MX,15.7432,-96.4661,84.81,67,84,5.21,broken clouds
276,Benjamin Aceval,PY,-24.9667,-57.5667,50.59,61,0,3.31,clear sky
277,Mogadishu,SO,2.0371,45.3438,78.55,82,83,19.01,light rain
278,Daru,PG,-9.0763,143.2092,78.49,89,100,14.5,overcast clouds
279,Leningradskiy,RU,69.3833,178.4167,36.23,76,100,12.59,overcast clouds
280,Bedele,ET,8.456,36.353,55.45,93,56,3.09,light rain
281,Yulara,AU,-25.2406,130.9889,50.18,57,0,5.26,clear sky
282,Port-Gentil,GA,-0.7193,8.7815,76.96,94,40,2.3,scattered clouds
283,Rocha,UY,-34.4833,-54.3333,44.33,93,0,5.03,clear sky
284,Marzuq,YE,14.4,46.4667,81.27,21,100,4.85,overcast clouds
285,Manaure,CO,11.7751,-72.4445,84.09,66,100,18.68,overcast clouds
286,San Jeronimo,PE,-11.9472,-75.2829,50.79,68,5,6.67,clear sky
287,Nikolskoye,RU,59.7035,30.7861,58.89,95,95,3.04,overcast clouds
288,Vagur,FO,61.4732,-6.8119,48.27,94,84,16.2,broken clouds
289,Limbang,MY,4.75,115.0,77.11,97,99,2.3,overcast clouds
290,Ambilobe,MG,-13.2,49.05,66.72,85,24,3.47,few clouds
291,Rosario Oeste,BR,-14.8361,-56.4275,62.49,69,80,5.01,broken clouds
292,Teya,RU,60.3778,92.6267,60.28,88,92,2.95,overcast clouds
293,Lata,PT,40.1629,-8.3327,68.07,78,0,0.92,clear sky
294,Los Llanos De Aridane,ES,28.6585,-17.9182,66.13,94,100,11.5,overcast clouds
295,Axim,GH,4.8699,-2.2405,76.93,80,90,6.31,overcast clouds
296,London,GB,51.5085,-0.1257,62.35,57,43,11.5,scattered clouds
297,Bonfim,BR,3.0833,-59.95,73.22,90,90,4.74,overcast clouds
298,Berezovka,BY,53.7214,25.4993,50.36,88,55,3.65,broken clouds
299,Lompoc,US,34.6391,-120.4579,85.69,67,0,13.0,clear sky
300,Omboue,GA,-1.5746,9.2618,75.45,92,85,6.6,overcast clouds
301,Udachnyy,RU,66.4167,112.4,61.16,44,34,11.03,scattered clouds
302,Omaruru,NA,-21.4333,15.9333,57.22,48,0,6.53,clear sky
303,Ust-Kulom,RU,61.6864,53.6902,40.95,69,0,4.99,clear sky
304,Qaanaaq,GL,77.484,-69.3632,29.98,73,7,7.43,clear sky
305,Vanimo,PG,-2.6741,141.3028,79.45,86,33,6.08,scattered clouds
306,Yuancheng,CN,36.652,107.7896,66.87,19,0,3.85,clear sky
307,Katherine,AU,-14.4667,132.2667,57.52,35,5,6.91,clear sky
308,Wajir,KE,1.7471,40.0573,75.27,69,53,15.3,broken clouds
309,Mananara,MG,-16.1667,49.7667,66.02,85,40,7.7,scattered clouds
310,Narsaq,GL,60.9167,-46.05,48.42,93,99,3.02,overcast clouds
311,Champerico,GT,14.3,-91.9167,77.54,70,74,2.73,broken clouds
312,Ocos,GT,14.5094,-92.1933,82.0,72,75,4.59,broken clouds
313,Yagodnoye,RU,62.55,149.6667,53.44,50,15,0.81,few clouds
314,Maceio,BR,-9.6658,-35.7353,78.24,78,20,4.61,few clouds
315,Skibbereen,IE,51.55,-9.2667,54.1,80,54,11.05,broken clouds
316,Rio Abajo,HN,14.1667,-87.2167,68.23,93,75,3.44,broken clouds
317,Labuhan,ID,-6.8844,112.2051,77.59,88,97,5.3,overcast clouds
318,Warah,PK,27.4481,67.7978,90.45,45,16,5.82,few clouds
319,Ilo,PE,-17.6394,-71.3375,60.48,83,3,3.11,clear sky
320,Ghanzi,BW,-21.5667,21.7833,52.29,48,0,6.64,clear sky
321,Avera,US,33.194,-82.5271,93.25,44,75,6.33,broken clouds
322,Magdalena,PH,14.1999,121.429,83.35,88,100,2.46,overcast clouds
323,Kailua,US,21.4022,-157.7394,85.41,71,40,14.97,scattered clouds
324,Ahipara,NZ,-35.1667,173.1667,57.42,75,78,26.6,broken clouds
325,Nhamunda,BR,-2.1861,-56.7131,74.43,96,50,0.07,light rain
326,Kahului,US,20.8947,-156.47,84.22,72,40,27.63,scattered clouds
327,Uribia,CO,11.7139,-72.266,84.81,61,100,18.66,overcast clouds
328,Neustadt,DE,49.7117,12.0872,63.28,74,0,0.0,clear sky
329,Tame,CO,6.461,-71.73,71.92,95,89,3.02,overcast clouds
330,Erzin,TR,36.9559,36.2,67.03,88,12,3.85,few clouds
331,Buchanan,LR,5.8808,-10.0467,77.23,89,96,7.65,light rain
332,Valdivia,CL,-39.8142,-73.2459,48.29,90,100,2.06,overcast clouds
333,Bambous Virieux,MU,-20.3428,57.7575,71.85,88,75,12.66,light rain
334,Itarema,BR,-2.9248,-39.9167,77.0,83,39,8.95,scattered clouds
335,Crixas,BR,-14.5489,-49.9692,74.64,49,72,6.82,broken clouds
336,Filadelfia,US,39.9523,-75.1638,78.01,79,75,12.66,broken clouds
337,Grants,US,35.1473,-107.8514,91.63,7,0,24.16,clear sky
338,Gasa,PS,31.5,34.4667,70.88,70,39,10.22,scattered clouds
339,Diamantina,BR,-18.2494,-43.6003,63.68,64,100,4.07,overcast clouds
340,Batticaloa,LK,7.7102,81.6924,80.31,78,100,5.55,overcast clouds
341,Syamzha,RU,60.0158,41.0614,48.2,74,15,5.28,few clouds
342,Maine-Soroa,NE,13.2114,12.0241,89.44,38,64,9.06,broken clouds
343,Pemberton,CA,50.3164,-122.8027,67.69,49,89,5.46,overcast clouds
344,Nome,US,64.5011,-165.4064,51.17,57,100,10.36,overcast clouds
345,Matay,EG,28.419,30.7792,79.32,53,0,11.3,clear sky
346,Kaeo,NZ,-35.1,173.7833,59.32,80,62,20.24,broken clouds
347,Comodoro Rivadavia,AR,-45.8667,-67.5,55.26,28,0,6.91,clear sky
348,Nantucket,US,41.2835,-70.0995,68.14,88,100,11.5,overcast clouds
349,Chapeco,BR,-27.0964,-52.6183,47.95,66,0,4.61,clear sky
350,A Dos Cunhados,PT,39.1524,-9.2972,74.32,94,14,5.37,few clouds
351,Macapa,BR,0.0389,-51.0664,82.38,83,20,4.61,few clouds
352,Ibra,OM,22.6906,58.5334,78.57,66,6,4.16,clear sky
353,Necochea,AR,-38.5473,-58.7368,50.63,57,89,9.17,overcast clouds
354,Mendi,PG,-6.1761,143.6513,62.11,76,30,1.01,scattered clouds
355,Mareeba,AU,-17.0,145.4333,68.49,82,23,3.13,few clouds
356,Mercedes,AR,-34.6515,-59.4307,52.86,52,72,6.35,broken clouds
357,Vidim,RU,56.4088,103.1106,59.47,80,100,3.2,light rain
358,Ostrovnoy,RU,68.0531,39.5131,53.74,83,100,12.1,overcast clouds
359,Nanakuli,US,21.3906,-158.1547,85.37,54,0,14.97,clear sky
360,Vestmanna,FO,62.1564,-7.1664,47.32,93,100,11.5,overcast clouds
361,Aklavik,CA,68.2191,-135.0107,43.92,70,96,13.89,overcast clouds
362,Loksa,EE,59.5764,25.7214,50.94,88,2,9.17,clear sky
363,Piranshahr,IR,36.701,45.1413,63.03,49,0,1.41,clear sky
364,Vostok,RU,46.4856,135.8833,62.62,51,4,1.66,clear sky
365,Mount Isa,AU,-20.7333,139.5,55.17,54,0,9.22,clear sky
366,Kendari,ID,-3.945,122.4989,73.72,97,100,4.56,moderate rain
367,Tagusao,PH,9.1924,117.8141,80.55,79,100,2.19,overcast clouds
368,Nevelsk,RU,46.6733,141.8633,53.8,80,91,3.44,overcast clouds
369,Savinka,RU,50.0785,47.0994,58.39,63,25,9.48,scattered clouds
370,Orocue,CO,4.7912,-71.3354,72.03,92,100,4.76,overcast clouds
371,Haines Junction,CA,60.7522,-137.5108,60.75,41,100,6.91,overcast clouds
372,Nizhniy Ingash,RU,56.2,96.53,61.95,89,73,5.44,broken clouds
373,Thinadhoo,MV,0.5333,72.9333,84.09,72,100,7.87,overcast clouds
374,Aksarka,RU,66.5606,67.7975,39.9,80,100,25.5,light rain
375,Flinders,AU,-34.5833,150.8552,54.37,79,3,1.99,clear sky
376,Uptar,RU,59.75,150.9167,39.83,79,71,3.18,broken clouds
377,Severodvinsk,RU,64.5635,39.8302,59.11,80,100,6.87,overcast clouds
378,Bac Lieu,VN,9.285,105.7244,79.63,86,96,5.35,overcast clouds
379,Mariinskiy Posad,RU,56.115,47.718,50.94,90,12,3.2,few clouds
380,Bengkulu,ID,-3.8004,102.2655,75.63,85,100,4.32,overcast clouds
381,Beringovskiy,RU,63.05,179.3167,43.3,54,79,0.96,broken clouds
382,Bayir,TR,37.2687,28.2167,64.92,89,10,4.99,clear sky
383,Talavera De La Reina,ES,39.9635,-4.8308,82.0,26,7,6.93,clear sky
384,Camana,PE,-16.6228,-72.7111,62.08,82,4,5.93,clear sky
385,Batemans Bay,AU,-35.7167,150.1833,49.1,66,1,3.09,clear sky
386,Ontario,US,34.0633,-117.6509,98.67,38,0,17.27,smoke
387,Richards Bay,ZA,-28.783,32.0377,60.42,67,0,9.86,clear sky
388,Rodino,RU,52.5,80.25,67.59,46,97,8.21,overcast clouds
389,Namatanai,PG,-3.6667,152.4333,83.34,67,43,9.48,light rain
390,Shimoda,JP,34.6667,138.95,68.38,71,100,10.74,overcast clouds
391,Sassandra,CI,4.95,-6.0833,77.38,78,89,6.71,overcast clouds
392,Suhbaatar,MN,50.2314,106.2078,63.36,43,57,2.51,broken clouds
393,Hasaki,JP,35.7333,140.8333,66.6,61,100,5.57,overcast clouds
394,Tigil,RU,57.8,158.6667,43.41,94,100,9.13,light rain
395,Xichang,CN,27.8964,102.2634,63.1,96,100,2.8,overcast clouds
396,Lethem,GY,3.3803,-59.7968,73.31,92,96,4.27,overcast clouds
397,Cap Malheureux,MU,-19.9842,57.6142,71.47,82,81,7.0,moderate rain
398,Pitimbu,BR,-7.4706,-34.8086,75.79,80,7,7.92,clear sky
399,Saint George,US,37.1041,-113.5841,105.64,5,0,20.71,haze
400,Batagay-Alyta,RU,67.8006,130.4114,63.63,36,97,16.67,overcast clouds
401,Dzhebariki-Khaya,RU,62.2167,135.8,56.84,80,100,5.1,overcast clouds
402,Blackwater,AU,-23.5833,148.8833,54.79,51,0,7.2,clear sky
403,Tumpat,MY,6.1978,102.171,78.78,94,20,0.0,few clouds
404,Luanda,AO,-8.8368,13.2343,73.4,88,75,5.75,broken clouds
405,Portland,US,45.5234,-122.6762,59.56,83,100,8.05,overcast clouds
406,Verkhnetulomskiy,RU,68.6073,31.7962,44.73,87,34,3.62,scattered clouds
407,Bowen,AU,-20.0167,148.2333,59.74,60,0,5.66,clear sky
408,Abu Dhabi,AE,24.4667,54.3667,87.91,87,0,9.22,clear sky
409,Wawa,NG,9.9022,4.4192,81.07,64,69,4.7,broken clouds
410,Sistranda,NO,63.7256,8.834,51.76,80,49,25.46,light rain
411,Uppsala,SE,60.0,17.75,54.91,76,90,10.36,overcast clouds
412,Balikpapan,ID,-1.2675,116.8289,75.42,88,83,1.79,broken clouds
413,Yumen,CN,40.2833,97.2,65.93,11,0,4.81,clear sky
414,Lumajang,ID,-8.1335,113.2248,73.9,93,67,1.5,broken clouds
415,Sambava,MG,-14.2667,50.1667,69.06,83,2,10.16,clear sky
416,Hailar,CN,49.2,119.7,58.78,87,100,9.53,moderate rain
417,Waw,SS,7.7029,27.9953,73.4,76,44,3.96,light rain
418,Mahibadhoo,MV,3.7833,72.9667,83.21,73,100,7.81,overcast clouds
419,Znamenskoye,RU,57.1281,73.8282,52.99,99,56,5.84,broken clouds
420,Vorotynets,RU,56.0603,45.8633,46.26,86,6,2.1,clear sky
421,Grand Gaube,MU,-20.0064,57.6608,72.0,82,81,8.01,moderate rain
422,Peniche,PT,39.3558,-9.3811,66.07,91,7,8.7,clear sky
423,Vanderhoof,CA,54.0166,-124.0198,64.74,26,75,6.02,broken clouds
424,Saint-Francois,FR,46.4154,3.9054,67.44,77,0,3.44,clear sky
425,Ordu,TR,40.9086,37.6845,57.7,96,100,2.64,overcast clouds
426,Hobyo,SO,5.3505,48.5268,78.69,79,99,25.23,overcast clouds
427,Nerchinskiy Zavod,RU,51.3088,119.61,57.25,87,100,2.59,overcast clouds
428,Walvis Bay,NA,-22.9575,14.5053,62.1,72,0,5.75,clear sky
429,Turan,VN,16.0678,108.2208,78.78,83,0,1.14,clear sky
430,Jaisalmer,IN,26.9147,70.9181,85.37,56,0,14.12,clear sky
431,Ouadda,CF,8.0777,22.4007,67.26,91,100,1.23,overcast clouds
432,Igrim,RU,63.1906,64.4162,49.3,74,100,12.3,overcast clouds
433,Rumboci,BA,43.8322,17.5011,53.19,95,0,3.8,clear sky
434,Newtonmore,GB,57.066,-4.1192,46.99,75,49,11.25,scattered clouds
435,Jumla,NP,29.2747,82.1838,60.13,88,94,1.21,overcast clouds
436,Groningen,NL,53.25,6.75,56.16,87,46,3.44,scattered clouds
437,Wilmington,US,34.2257,-77.9447,80.51,83,0,9.22,clear sky
438,Elat,IL,29.5581,34.9482,84.04,37,0,8.05,clear sky
439,Constitucion,CL,-35.3333,-72.4167,49.95,90,99,0.85,overcast clouds
440,Meadow Lake,US,34.8014,-106.5436,95.72,14,98,27.07,overcast clouds
441,Neyshabur,IR,36.2133,58.7958,70.83,43,0,4.34,clear sky
442,Petropavlovsk-Kamchatskiy,RU,53.0452,158.6483,57.79,44,0,4.47,clear sky
443,Kalispell,US,48.1958,-114.3129,65.16,62,20,10.36,few clouds
444,Hervey Bay,AU,-25.2986,152.8535,56.68,65,26,7.94,scattered clouds
445,Lodja,CD,-3.4833,23.4333,73.94,59,97,0.98,overcast clouds
446,Saint-Pierre,RE,-21.3393,55.4781,70.92,94,75,21.85,mist
447,Vanavara,RU,60.34,102.2797,59.77,59,98,3.76,overcast clouds
448,Minab,IR,27.1467,57.0801,89.92,66,24,2.3,few clouds
449,Conde,BR,-7.2597,-34.9075,74.66,94,0,5.75,clear sky
450,Elmadag,TR,39.9208,33.2308,58.98,82,99,4.45,overcast clouds
451,Port Hedland,AU,-20.3167,118.5667,68.05,42,82,8.05,broken clouds
452,Broome,US,42.2506,-75.833,70.61,82,100,5.01,overcast clouds
453,Kloulklubed,PW,7.0419,134.2556,83.48,73,96,12.8,overcast clouds
454,Bosaso,SO,11.2842,49.1816,93.96,38,100,17.31,overcast clouds
455,Kosh-Agach,RU,50.0,88.6667,57.6,67,85,0.6,overcast clouds
456,Kangaatsiaq,GL,68.3065,-53.4641,33.17,77,100,25.93,overcast clouds
457,Banda Aceh,ID,5.5577,95.3222,78.98,68,100,2.39,overcast clouds
458,Waverley,ZA,-25.7023,28.2591,48.99,82,0,3.44,clear sky
459,Villa Altagracia,DO,18.673,-70.171,85.51,70,18,4.68,few clouds
460,Alofi,NU,-19.0595,-169.9187,80.49,78,3,13.8,clear sky
461,Shingu,JP,33.7333,135.9833,71.06,48,100,4.72,overcast clouds
462,Ravar,IR,31.2656,56.8055,81.61,19,1,3.56,clear sky
463,Bealanana,MG,-14.55,48.7333,57.09,93,92,4.45,overcast clouds
464,Coahuayana,MX,18.7333,-103.6833,88.54,60,20,7.07,few clouds
465,Coquimbo,CL,-29.9533,-71.3436,51.53,87,40,9.22,scattered clouds
466,Tuatapere,NZ,-46.1333,167.6833,46.56,83,100,20.69,overcast clouds
467,Lismore,AU,-28.8135,153.2773,55.92,70,100,3.24,overcast clouds
468,Hamilton,US,39.1834,-84.5333,82.26,76,0,9.22,clear sky
469,Zhigansk,RU,66.7697,123.3711,50.27,95,100,4.85,light rain
470,Yar-Sale,RU,66.8333,70.8333,42.8,81,100,24.87,overcast clouds
471,Padang,ID,-0.9492,100.3543,73.45,78,97,1.9,overcast clouds
472,Itoman,JP,26.1247,127.6694,81.37,100,75,13.8,broken clouds
473,Okhotsk,RU,59.3833,143.3,45.1,85,100,6.62,overcast clouds
474,Svarstad,NO,59.399,9.9698,53.49,44,48,1.01,scattered clouds
475,Fort-Shevchenko,KZ,44.5086,50.263,75.31,50,96,7.78,overcast clouds
476,Inhambane,MZ,-23.865,35.3833,66.78,84,1,3.6,clear sky
477,Nara,JP,34.6851,135.8049,68.5,51,100,3.0,overcast clouds
478,Haag,NL,52.0767,4.2986,60.96,77,96,4.61,overcast clouds
479,Pong,TH,19.1493,100.2752,72.88,97,37,2.51,scattered clouds
480,Riviere-Au-Renard,CA,48.9957,-64.3971,64.69,71,49,6.26,scattered clouds
481,Lokot,RU,52.565,34.5776,57.2,93,27,2.91,scattered clouds
482,Tautira,PF,-17.7333,-149.15,78.15,68,53,19.08,broken clouds
483,Charleville-Mezieres,FR,49.7667,4.7167,49.86,90,59,4.21,broken clouds
484,Prainha,BR,-1.8,-53.48,74.7,93,15,2.24,heavy intensity rain
485,Takoradi,GH,4.8845,-1.7554,76.8,82,73,6.58,broken clouds
486,Kalaleh,IR,37.3807,55.4916,75.24,45,1,3.49,clear sky
487,Mehamn,NO,71.0357,27.8492,44.51,95,98,29.3,overcast clouds
488,Kharan,PK,28.5833,65.4167,82.87,38,77,6.44,broken clouds
489,Sioux Lookout,CA,50.1001,-91.917,68.07,45,100,6.91,overcast clouds
490,Kholodnyy,RU,62.7167,147.95,53.83,46,1,0.98,clear sky
491,Quelimane,MZ,-17.8786,36.8883,67.95,94,40,4.61,scattered clouds
492,Ahuimanu,US,21.4447,-157.8378,85.14,66,40,21.85,scattered clouds
493,Naryan-Mar,RU,67.6713,53.087,45.55,58,73,7.16,broken clouds
494,Huron,US,41.1501,-82.5499,81.86,70,47,2.33,scattered clouds
495,Pangai,TO,-19.8,-174.35,82.51,83,20,9.22,few clouds
496,Sitka,US,57.0531,-135.33,51.69,76,100,6.91,overcast clouds
497,Havelock,US,34.8791,-76.9013,81.01,90,40,8.05,scattered clouds
498,Roma,US,43.2128,-75.4557,70.52,92,100,0.0,light rain
499,Khasan,RU,42.4308,130.6434,55.89,98,100,7.87,overcast clouds
500,Nsanje,MW,-16.92,35.262,62.67,96,6,1.28,clear sky
501,Alice Springs,AU,-23.7,133.8833,38.75,93,0,0.0,clear sky
502,Popondetta,PG,-8.7537,148.2534,83.37,64,8,1.05,clear sky
503,Luderitz,NA,-26.6481,15.1594,58.95,62,9,5.06,clear sky
504,Kutum,SD,14.2,24.6667,78.28,42,79,5.1,broken clouds
505,Farsund,NO,58.0948,6.8047,53.06,100,61,12.46,broken clouds
506,Nizhniy Tsasuchey,RU,50.5167,115.1333,58.05,83,100,11.97,overcast clouds
507,Pforzheim,DE,48.8833,8.7,65.52,95,44,3.33,heavy intensity rain
508,Mazagao,BR,-0.115,-51.2894,82.45,95,17,2.64,few clouds
509,Kamarion,GR,36.8,25.8167,70.09,83,6,24.85,clear sky
510,Ojinaga,MX,29.5667,-104.4167,108.41,22,0,0.0,clear sky
511,Svetlaya,RU,46.5389,138.3297,55.49,73,0,4.36,clear sky
512,Zaragoza,ES,41.6561,-0.8773,81.86,43,20,3.0,few clouds
513,Pascagoula,US,30.3658,-88.5561,95.0,59,0,5.75,clear sky
514,Bara,NG,10.3744,10.7288,78.24,72,85,9.8,overcast clouds
515,Atikokan,CA,48.7555,-91.6216,70.11,42,97,8.7,overcast clouds
516,Sobolevo,RU,54.4299,31.8996,56.7,93,6,6.89,clear sky
517,Tobermory,CA,45.2501,-81.6665,50.61,81,23,10.16,few clouds
518,Isabela,PH,6.7085,121.9711,77.05,82,100,2.66,moderate rain
519,Sovetskiy,RU,61.3614,63.5842,50.56,75,100,11.03,overcast clouds
520,Praia,CV,14.9215,-23.5087,75.74,69,20,8.05,few clouds
521,Albi,FR,43.9298,2.148,72.1,67,8,3.0,clear sky
522,Sorland,NO,67.667,12.6934,49.86,92,100,13.09,overcast clouds
523,Dzerzhinsk,RU,56.2389,43.4631,46.22,93,0,0.0,clear sky
524,Nouadhibou,MR,20.931,-17.0347,67.98,88,0,20.71,clear sky
525,Maragogi,BR,-9.0122,-35.2225,76.24,85,10,5.44,clear sky
526,Cabedelo,BR,-6.9811,-34.8339,75.87,81,8,8.97,clear sky
527,Jashpurnagar,IN,22.9,84.15,79.21,52,54,4.85,broken clouds
528,Talcahuano,CL,-36.7167,-73.1167,49.68,76,100,2.3,overcast clouds
529,Akdepe,TM,42.0551,59.3788,68.09,22,0,4.41,clear sky
530,Eureka,US,40.8021,-124.1637,61.93,77,94,10.0,overcast clouds
531,Fort Nelson,CA,58.8053,-122.7002,67.59,28,75,6.91,broken clouds
532,Trelew,AR,-43.249,-65.3051,57.49,22,98,7.25,overcast clouds
533,Rincon,US,32.296,-81.2354,88.86,69,40,14.97,scattered clouds
534,Port Augusta,AU,-32.5,137.7667,49.73,74,39,3.67,scattered clouds
535,Caravelas,BR,-17.7125,-39.2481,72.99,89,100,4.65,overcast clouds
536,Tezu,IN,27.9167,96.1667,72.79,98,100,3.02,overcast clouds
537,Goalpara,IN,26.1667,90.6167,75.67,96,95,2.91,heavy intensity rain
538,Galle,LK,6.0367,80.217,80.02,82,100,15.75,overcast clouds
539,Bilibino,RU,68.0546,166.4372,62.29,36,22,2.44,few clouds
540,Bell Ville,AR,-32.6259,-62.6887,57.67,47,51,9.4,broken clouds
541,Quixere,BR,-5.0742,-37.9886,74.41,90,85,6.44,overcast clouds
542,Evensk,RU,61.95,159.2333,43.23,86,100,6.04,light rain
543,Bandarbeyla,SO,9.4942,50.8122,79.32,76,88,28.19,overcast clouds
544,Grand Junction,US,39.0639,-108.5507,100.31,9,0,19.57,clear sky
545,Davidson,US,36.1501,-86.7833,91.36,60,20,12.66,few clouds
546,Puerto Del Rosario,ES,28.5004,-13.8627,71.35,78,20,13.8,few clouds
547,Lazaro Cardenas,MX,17.9583,-102.2,86.0,65,28,10.94,scattered clouds
548,Matara,LK,5.9485,80.5353,78.31,86,92,11.92,heavy intensity rain
549,Anloga,GH,5.7947,0.8973,79.3,77,40,10.89,scattered clouds
550,Dondo,MZ,-19.6094,34.7431,67.51,95,4,4.83,clear sky
551,Jimo,CN,36.3897,120.4622,69.58,83,20,11.18,few clouds
552,San Julian,MX,21.0167,-102.1667,85.62,15,23,3.96,few clouds
553,Chifeng,CN,42.2683,118.9636,64.98,58,99,8.01,overcast clouds
554,Kirakira,SB,-10.4544,161.9205,84.16,69,38,6.24,scattered clouds
555,La Mana,EC,-0.9333,-79.2167,76.66,85,98,2.28,overcast clouds
556,Porto Torres,IT,40.835,8.3972,66.38,63,21,2.28,few clouds
557,Dingle,PH,10.9995,122.6711,80.33,82,76,2.35,broken clouds
558,Benghazi,LY,32.1167,20.0667,73.96,76,0,14.72,clear sky
559,Monte Patria,CL,-30.6919,-70.9467,62.94,40,3,1.88,clear sky
560,Karlstad,SE,59.3793,13.5036,54.16,76,40,10.36,scattered clouds
561,Zonguldak,TR,41.25,31.8333,58.15,99,93,2.51,overcast clouds
562,Pozega,HR,45.3403,17.6853,60.94,70,0,3.56,clear sky
563,Jasper,US,37.2001,-94.3502,93.25,60,0,9.22,clear sky
564,Vila Franca Do Campo,PT,37.7167,-25.4333,64.2,84,49,3.18,scattered clouds
565,Miajadas,ES,39.1513,-5.9084,83.41,25,1,5.14,clear sky
566,Denia,ES,38.8408,0.1057,77.79,42,3,4.0,clear sky
567,Washim,IN,20.1,77.15,82.22,62,75,8.41,broken clouds
568,Camacupa,AO,-12.0167,17.4833,53.22,46,2,3.22,clear sky
569,Saint Anthony,US,45.0205,-93.218,81.03,68,40,11.5,scattered clouds
570,Shenjiamen,CN,29.9576,122.298,69.3,97,100,3.58,light rain
571,Fairfield,US,41.2668,-73.3162,71.2,86,96,7.67,overcast clouds
572,Terrace,CA,54.5163,-128.6035,57.11,62,75,8.05,broken clouds
573,Salou,ES,41.0766,1.1416,78.04,71,0,1.14,clear sky
574,Coos Bay,US,43.3665,-124.2179,58.14,88,100,9.22,overcast clouds
575,Boden,SE,65.8252,21.6886,50.0,88,35,3.0,scattered clouds
576,Anadyr,RU,64.75,177.4833,54.1,50,0,4.47,clear sky
577,Dwarka,IN,22.2394,68.9678,84.36,71,20,2.3,few clouds
578,Rio Claro,BR,-22.4114,-47.5614,55.99,45,100,3.29,overcast clouds
579,Vagay,RU,57.9375,69.0217,54.01,99,96,6.35,overcast clouds
580,Van Buren,US,35.4368,-94.3483,98.33,57,0,3.0,clear sky
581,Isiolo,KE,0.3546,37.5822,65.44,75,6,9.37,clear sky
582,Leshukonskoye,RU,64.8989,45.7622,50.04,57,99,5.73,overcast clouds
583,Bintulu,MY,3.1667,113.0333,75.61,100,40,0.0,scattered clouds
584,Sur,OM,22.5667,59.5289,81.82,84,2,10.78,clear sky
585,Larap,PH,14.299,122.6504,80.13,87,93,3.04,overcast clouds
586,Leh,IN,34.1667,77.5833,49.64,62,84,3.89,broken clouds
587,Pathein,MM,16.7833,94.7333,78.35,89,99,2.42,overcast clouds
588,Nikolayevsk-Na-Amure,RU,53.1406,140.73,73.36,38,35,1.86,scattered clouds
589,Isangel,VU,-19.55,169.2667,82.51,83,75,2.3,broken clouds
590,Davila,PH,18.4726,120.5763,78.78,80,90,6.11,overcast clouds
591,Alghero,IT,40.5589,8.3181,66.29,77,4,2.3,clear sky
592,Trincomalee,LK,8.5711,81.2335,81.1,78,100,19.66,overcast clouds
593,Wanaka,NZ,-44.7,169.15,35.11,97,67,4.47,moderate rain
594,Cambridge,CA,43.3601,-80.3127,73.81,70,75,9.22,broken clouds
595,Tokur,RU,53.1333,132.9,63.82,62,100,3.53,overcast clouds
596,Teknaf,BD,20.8624,92.3058,79.45,91,57,5.28,broken clouds
597,Americus,US,32.0724,-84.2327,95.13,41,75,8.05,broken clouds
598,Micheweni,TZ,-4.9667,39.8333,77.23,77,55,13.15,light rain
599,Laguna,US,38.421,-121.4238,85.75,53,0,19.57,clear sky
600,Abohar,IN,30.15,74.1833,90.75,32,61,9.46,broken clouds
601,Kiruna,SE,67.8557,20.2251,49.12,76,40,2.3,scattered clouds
602,Taywarah,AF,33.35,64.4167,50.9,55,0,3.87,clear sky
603,Ornskoldsvik,SE,63.2909,18.7153,50.94,90,45,2.06,scattered clouds
604,Mombasa,KE,-4.0547,39.6636,75.61,81,17,13.29,few clouds
605,Alanya,TR,36.5438,31.9998,72.39,76,5,5.68,clear sky
606,Cochabamba,BO,-17.3895,-66.1568,64.15,24,9,14.97,clear sky
607,Emerald,AU,-23.5333,148.1667,50.34,74,2,16.58,clear sky
608,Sola,VU,-13.8833,167.55,80.37,77,35,11.1,scattered clouds
609,Keuruu,FI,62.2667,24.7,56.8,91,21,5.57,few clouds
610,Brae,GB,60.3964,-1.353,50.23,93,100,20.09,overcast clouds
611,Marsh Harbour,BS,26.5412,-77.0636,82.45,78,96,10.11,overcast clouds
612,Olinda,BR,-8.0089,-34.8553,78.53,83,20,6.91,few clouds
613,Kargopol,RU,61.5071,38.9456,56.48,70,98,7.96,overcast clouds
614,Sinnamary,GF,5.3833,-52.95,78.37,84,8,7.61,clear sky
615,Manakara,MG,-22.1333,48.0167,66.97,69,86,4.14,overcast clouds
616,La Rioja,ES,42.25,-2.5,62.38,98,4,2.89,clear sky
617,San Marcos,US,33.1434,-117.1661,92.86,62,0,7.0,clear sky
618,Varkaus,FI,62.3153,27.873,54.3,85,2,4.74,clear sky
619,Khudumelapye,BW,-23.8833,24.75,52.11,51,0,6.82,clear sky
620,Tongren,CN,27.7172,109.1853,68.25,97,100,1.74,overcast clouds
621,Kununurra,AU,-15.7667,128.7333,64.38,34,46,6.91,scattered clouds
622,Santa Marta,CO,11.2408,-74.199,77.05,94,100,5.75,light intensity drizzle
623,Pacific Grove,US,36.6177,-121.9166,76.33,81,76,5.99,broken clouds
624,Placerville,US,38.7296,-120.7986,80.78,65,75,10.36,broken clouds
625,Fort Frances,CA,48.5999,-93.4003,71.82,40,100,0.0,light rain
626,Samarai,PG,-10.6167,150.6667,82.27,76,29,9.48,scattered clouds
627,Indianola,US,41.3581,-93.5574,88.0,65,94,6.87,overcast clouds
628,Nishihara,JP,26.1842,127.7558,80.65,100,100,13.8,overcast clouds
629,Honghu,CN,29.8206,113.4621,69.67,91,98,1.39,overcast clouds
630,Verkhoyansk,RU,67.5447,133.385,69.6,31,78,13.49,broken clouds
631,Ayan,RU,56.45,138.1667,42.44,97,100,7.85,overcast clouds
632,Raha,IN,26.2333,92.5167,75.09,97,73,4.0,light rain
633,Traian,RO,46.6333,27.0333,65.91,83,40,20.71,scattered clouds
634,Severnyy,RU,50.677,36.5532,60.84,88,0,6.71,clear sky
635,Lewisporte,CA,49.2499,-55.0482,55.11,73,89,6.4,overcast clouds
636,Caucaia,BR,-3.7361,-38.6531,81.03,74,0,6.91,clear sky
637,Luoyang,CN,34.6836,112.4536,75.02,53,23,5.57,few clouds
638,Rosario,AR,-32.9468,-60.6393,59.83,54,0,4.61,clear sky
639,Henties Bay,NA,-22.116,14.2845,63.46,60,0,5.03,clear sky
640,Guadalupe Y Calvo,MX,26.1,-106.9667,55.83,93,86,5.28,overcast clouds
641,Jizan,SA,17.3333,42.6667,86.94,66,15,2.51,few clouds
642,Inirida,CO,3.8653,-67.9239,70.2,99,100,0.83,overcast clouds
643,Ust-Tsilma,RU,65.441,52.1498,44.15,62,71,1.21,broken clouds
644,Abnub,EG,27.2696,31.1511,84.42,30,0,11.61,clear sky
645,Greensburg,US,40.3015,-79.5389,79.16,67,72,5.99,broken clouds
646,Melita,CA,49.2681,-100.9967,74.53,68,74,6.69,broken clouds
647,Villa Maria,AR,-32.4075,-63.2402,56.82,54,14,12.48,few clouds
648,Muros,ES,42.7762,-9.0603,68.09,72,45,14.7,scattered clouds
649,Grand Baie,MU,-20.0182,57.5802,72.07,83,85,5.01,moderate rain
650,Hokitika,NZ,-42.7167,170.9667,50.88,72,100,23.29,overcast clouds
651,Ambatofinandrahana,MG,-20.55,46.8,45.03,95,10,4.34,clear sky
652,Dalhousie,IN,32.5333,75.9833,62.51,39,46,9.86,scattered clouds
653,Podgornoye,RU,51.735,39.1496,64.62,88,0,6.71,light rain
654,Tucuman,AR,-26.8241,-65.2226,60.8,63,0,8.05,clear sky
655,Launceston,AU,-41.45,147.1667,36.16,80,4,0.0,clear sky
656,Ninohe,JP,40.2724,141.3061,59.95,67,47,3.96,scattered clouds
657,Oranjemund,NA,-28.55,16.4333,59.16,61,94,7.31,overcast clouds
658,Angoche,MZ,-16.2325,39.9086,69.84,83,10,8.32,clear sky
659,Kayes,ML,14.0,-11.0,93.56,34,95,3.38,light rain
660,Ormond Beach,US,29.2858,-81.0559,89.1,82,40,3.44,scattered clouds
661,Calvinia,ZA,-31.4707,19.776,53.83,47,100,4.94,overcast clouds
662,Greenwood,US,34.1668,-82.1165,91.27,55,100,3.58,overcast clouds
663,Kawalu,ID,-7.3817,108.2082,71.87,96,100,1.77,overcast clouds
664,Real,PH,14.6625,121.6047,81.66,83,100,2.33,overcast clouds
665,Aquidauana,BR,-20.4711,-55.7872,55.36,45,1,4.88,clear sky
666,Nakusp,CA,50.2499,-117.8023,70.14,43,92,1.14,overcast clouds
667,Digby,CA,44.6169,-65.7655,76.15,74,97,9.93,overcast clouds
668,Ulaanbaatar,MN,47.9077,106.8832,50.13,71,0,0.0,clear sky
669,Linxia,CN,35.6003,103.2064,54.84,66,63,1.88,broken clouds
670,Pangkalanbuun,ID,-2.6833,111.6167,73.53,98,97,2.33,overcast clouds
671,Tulun,RU,54.5611,100.5792,60.03,87,100,2.55,light rain
672,Catuday,PH,16.2923,119.8062,80.8,76,96,4.79,overcast clouds
673,Dubbo,AU,-32.25,148.6167,48.33,87,100,4.61,overcast clouds
674,Tonj,SS,7.2737,28.6822,74.88,75,15,4.36,few clouds
675,Berlevag,NO,70.8578,29.0864,44.55,70,100,20.71,overcast clouds
676,Arroyo,ES,41.6096,-4.7969,71.64,60,0,8.05,clear sky
677,Necocli,CO,8.4234,-76.786,78.21,89,100,2.86,overcast clouds
678,Kismayo,SO,-0.3582,42.5454,78.57,77,15,15.39,few clouds
679,Hovd,MN,48.0056,91.6419,68.74,37,0,6.02,clear sky
680,West Bay,KY,19.3667,-81.4167,87.87,72,20,11.5,few clouds
681,Mayo,US,38.8876,-76.5119,82.45,76,75,10.36,broken clouds
682,Wuda,CN,39.4994,106.7117,67.82,21,1,2.19,clear sky
683,Berestechko,UA,50.3605,25.1107,60.01,87,4,3.06,clear sky
684,Porto Novo,BJ,6.4965,2.6036,77.0,86,97,6.13,overcast clouds
685,Barhiya,IN,25.2833,86.0333,87.42,61,19,7.9,few clouds
686,Pavlovsk,RU,50.4578,40.1081,61.66,82,53,5.55,broken clouds
